Station,Observed_BMWP,Predicted_BMWP
RF2,52.0,82.87301587301592
RA3,28.0,33.89735912181746
RA2,72.0,78.20888156147085
RA3,56.0,59.381948264444546
RF3,37.0,81.80491948093821
RA1,116.0,56.6129952656586
RC2,75.0,82.79157407829754
RA4,35.0,6.151829051382257
RA4,9.0,28.66666666666666
RF2,65.0,82.86610021706755
RF3,90.0,82.46456769072464
RC1,94.0,69.79297696370502
RC4,13.0,45.96306139205335
RA1,96.0,82.87301587301592
RA2,85.0,82.07360193954054
RC4,20.0,49.94914222394634
RC1,93.0,66.82525096142533
