Station,Observed_BMWP,Predicted_BMWP
RF2,52.0,82.87301587301592
RA3,28.0,82.3295172858687
RA2,72.0,78.20888156147083
RF3,37.0,82.87301587301592
RA1,116.0,56.6129952656586
RC2,75.0,82.79157407829754
RA4,35.0,6.0988302805457835
RA4,9.0,25.69222350203069
RF2,65.0,82.86610021706755
RF3,90.0,78.77841639805172
RC1,94.0,69.7929769637051
RC4,13.0,64.10171526120997
RA1,96.0,86.19207259046456
RA2,85.0,74.22498572708258
RC4,20.0,47.04080885692868
RC1,93.0,66.82525096142533
